<xml xmlns:o="urn:schemas-microsoft-com:office:office">
 <o:MainFile HRef="../Axuda.html"/>
 <o:File HRef="image017.png"/>
 <o:File HRef="image043.gif"/>
 <o:File HRef="image019.png"/>
 <o:File HRef="image044.gif"/>
 <o:File HRef="image021.png"/>
 <o:File HRef="image045.gif"/>
 <o:File HRef="image023.png"/>
 <o:File HRef="image046.gif"/>
 <o:File HRef="image025.png"/>
 <o:File HRef="image047.gif"/>
 <o:File HRef="image007.png"/>
 <o:File HRef="image048.gif"/>
 <o:File HRef="image032.png"/>
 <o:File HRef="image051.gif"/>
 <o:File HRef="image034.png"/>
 <o:File HRef="image052.gif"/>
 <o:File HRef="image036.png"/>
 <o:File HRef="image053.gif"/>
 <o:File HRef="image038.png"/>
 <o:File HRef="image054.gif"/>
 <o:File HRef="image040.png"/>
 <o:File HRef="image055.gif"/>
 <o:File HRef="image056.gif"/>
 <o:File HRef="header.html"/>
 <o:File HRef="filelist.xml"/>
</xml>